Campaign ID,Campaign Name,Tracking Link,Status
756,SEO - Winshark AU ES-v3,https://trk.bestcasinoportal.com/winshark-au-es-casino-bonus-review-87vs-v3,active
755,SEO - WonThere UK-v3,https://trk.bestcasinoportal.com/wonthere-uk-casino-bonus-review-lpf9-v3,active
754,SEO - Roman Casino UK-retry2,https://trk.bestcasinoportal.com/roman-casino-uk-casino-bonus-review-tvv0-retry2,active
753,Ivybet.io (HQ SMS) - FR ES [Reg. Page] (220 EUR) - SEO Homepage,https://trk.bestcasinoportal.com/ivybetio-hq-sms-fr-es-reg-page-220-eur-83-63303260,active
752,Roman Casino [Reg. Page] (220 EUR) - SEO Homepage,https://trk.bestcasinoportal.com/roman-casino-reg-page-220-eur-128-63302408,active
751,Roman Casino [Reg. Page] (200 EUR) - SEO Homepage,https://trk.bestcasinoportal.com/roman-casino-reg-page-200-eur-129-63301559,active
750,Vipzino - (SMS) [REG] (200 EUR) - SEO Homepage,https://trk.bestcasinoportal.com/vipzino-sms-reg-200-eur-166-63300512,active
748,SEO - Test Casino Offer UK,https://trk.bestcasinoportal.com/test-casino-offer-uk-casino-bonus-review-bue7,active
727,SEO - FatPirate IT-v2,https://trk.bestcasinoportal.com/fatpirate-it-casino-bonus-review-4rnu-v2,active
726,SEO - Felix Spin - DA CH; BE; FR; IT; PT; ES; CH-v2,https://trk.bestcasinoportal.com/felix-spin-casino-bonus-review-leb3-v2,active
725,SEO - FoxyGold NL; SE; RO-v2,https://trk.bestcasinoportal.com/foxygold-nl-se-ro-casino-bonus-review-dmlm-v2,active
724,SEO - FoxyGold FR-v2,https://trk.bestcasinoportal.com/foxygold-fr-casino-bonus-review-nev6-v2,active
723,SEO - Frenzino.io - ( HQ SM-v2,https://trk.bestcasinoportal.com/frenzino-io-casino-bonus-review-c66q-v2,active
722,SEO - FrostyBet FI SE UK NL FR NO DE AT CH CA AU-v2,https://trk.bestcasinoportal.com/frostybet-fi-casino-bonus-review-ci4s-v2,active
721,SEO - Funbet (S MS HQ-v2,https://trk.bestcasinoportal.com/funbet-s-ms-hq-casino-bonus-review-mhpv-v2,active
720,SEO - GambleZen UK SE DK FI-v2,https://trk.bestcasinoportal.com/gamblezen-uk-se-dk-fi-casino-bonus-review-2p60-v2,active
719,SEO - GigaSpinz NL-v2,https://trk.bestcasinoportal.com/gigaspinz-nl-casino-bonus-review-6twi-v2,active
718,SEO - Gransino GR-v2,https://trk.bestcasinoportal.com/gransino-gr-casino-bonus-review-zhgi-v2,active
717,SEO - Hello Fortune UK-v2,https://trk.bestcasinoportal.com/hello-fortune-uk-casino-bonus-review-5th5-v2,active
716,SEO - Instant Casino - Engl SE NO FR NL CA CH GR UA-v2,https://trk.bestcasinoportal.com/instant-casino-casino-bonus-review-6ioq-v2,active
715,SEO - InstaSpin UK NL-v2,https://trk.bestcasinoportal.com/instaspin-uk-nl-casino-bonus-review-k6cc-v2,active
714,SEO - Ivybet.io ( HQ SM-v3,https://trk.bestcasinoportal.com/ivybet-io-hq-sm-casino-bonus-review-e7wb-v3,active
712,SEO - Jet4Bet UK-v2,https://trk.bestcasinoportal.com/jet4bet-uk-casino-bonus-review-gs7f-v2,active
711,SEO - Joker Ace's UK-v2,https://trk.bestcasinoportal.com/joker-ace-s-uk-casino-bonus-review-tl91-v2,active
710,SEO - Kings Chip UK-v2,https://trk.bestcasinoportal.com/kings-chip-uk-casino-bonus-review-v3r4-v2,active
709,SEO - Klikki Casino UK-v2,https://trk.bestcasinoportal.com/klikki-casino-uk-casino-bonus-review-25fg-v2,active
708,SEO - Larabet IT FR-v2,https://trk.bestcasinoportal.com/larabet-it-fr-casino-bonus-review-9vmc-v2,active
707,SEO - London Casino UK-v2,https://trk.bestcasinoportal.com/london-casino-uk-casino-bonus-review-3y96-v2,active
706,SEO - Lucky Gem - en UK-v2,https://trk.bestcasinoportal.com/lucky-gem-casino-bonus-review-nuqb-v2,active
705,SEO - Lucky Hunter - DA CH; DK; AU-v2,https://trk.bestcasinoportal.com/lucky-hunter-casino-bonus-review-8frx-v2,active
704,SEO - Lucky Wand NL UK SE-v2,https://trk.bestcasinoportal.com/lucky-wand-nl-uk-se-casino-bonus-review-vewf-v2,active
703,SEO - LyraBet GR-v2,https://trk.bestcasinoportal.com/lyrabet-gr-casino-bonus-review-g3uo-v2,active
702,SEO - LyraBet BE-v2,https://trk.bestcasinoportal.com/lyrabet-be-casino-bonus-review-v36q-v2,active
701,SEO - Moana Casino UK NL FI DE AT CH SE CA-v2,https://trk.bestcasinoportal.com/moana-uk-casino-bonus-review-rpzb-v2,active
700,SEO - Mr Pacho ES-v2,https://trk.bestcasinoportal.com/mr-pacho-es-casino-bonus-review-2zsw-v2,active
699,SEO - Mr Pacho FR-v2,https://trk.bestcasinoportal.com/mr-pacho-fr-casino-bonus-review-6542-v2,active
698,SEO - NeedForSpeed SE-v2,https://trk.bestcasinoportal.com/needforspeed-se-casino-bonus-review-pd3g-v2,active
697,SEO - NeedForSpeed FI-v2,https://trk.bestcasinoportal.com/needforspeed-fi-casino-bonus-review-n48z-v2,active
696,SEO - NeedForSpeed ES-v2,https://trk.bestcasinoportal.com/needforspeed-es-casino-bonus-review-tybg-v2,active
695,SEO - Orionsbet UK-v2,https://trk.bestcasinoportal.com/orionsbet-uk-casino-bonus-review-upft-v2,active
694,SEO - Dragon Slots CA-v2,https://trk.bestcasinoportal.com/dragon-slots-ca-casino-bonus-review-zwz6-v2,active
693,SEO - Dragon Slots AU-v2,https://trk.bestcasinoportal.com/dragon-slots-au-casino-bonus-review-kq8s-v2,active
692,SEO - Dragon Slots DE-v2,https://trk.bestcasinoportal.com/dragon-slots-de-casino-bonus-review-tbis-v2,active
691,SEO - Jackpot Raider - ( HQ SM-v2,https://trk.bestcasinoportal.com/jackpot-raider-casino-bonus-review-99sx-v2,active
690,SEO - Lucki Casino UK-v2,https://trk.bestcasinoportal.com/lucki-casino-uk-casino-bonus-review-itml-v2,active
689,SEO - WinRolla AU AT NO NZ CZ PT IE DE CH ES SL IT FI PL BE CA FR IS LU-v2,https://trk.bestcasinoportal.com/winrolla-au-casino-bonus-review-tb2r-v2,active
688,SEO - Pirate Spins UK-v2,https://trk.bestcasinoportal.com/pirate-spins-uk-casino-bonus-review-djx2-v2,active
687,SEO - Posido DA CH ; IT;ES;GR;BE;LU;FR;AU;NZ;CA-v2,https://trk.bestcasinoportal.com/posido-da-casino-bonus-review-8314-v2,active
686,SEO - ProntoBet AU-v2,https://trk.bestcasinoportal.com/prontobet-au-casino-bonus-review-lcvo-v2,active
685,SEO - Rizz Casino ES-v2,https://trk.bestcasinoportal.com/rizz-casino-es-casino-bonus-review-hpaz-v2,active
684,SEO - Robocat DE; AT; CH; IT; ES; BE; LU; FR; AU; NZ; CA,https://trk.bestcasinoportal.com/robocat-de-casino-bonus-review-qkn3,active
683,SEO - Rolling Slots FI-v2,https://trk.bestcasinoportal.com/rolling-slots-fi-casino-bonus-review-6qpx-v2,active
682,SEO - Rolling Slots AU-v2,https://trk.bestcasinoportal.com/rolling-slots-au-casino-bonus-review-gi2l-v2,active
681,SEO - Rolling Slots IT-v2,https://trk.bestcasinoportal.com/rolling-slots-it-casino-bonus-review-5im8-v2,active
680,SEO - Rolling Slots CH-v2,https://trk.bestcasinoportal.com/rolling-slots-ch-casino-bonus-review-i51u-v2,active
679,SEO - Rolling Slots AT-v2,https://trk.bestcasinoportal.com/rolling-slots-at-casino-bonus-review-jjvq-v2,active
678,SEO - Rolling Slots DK-v2,https://trk.bestcasinoportal.com/rolling-slots-dk-casino-bonus-review-xnnm-v2,active
677,SEO - Rolling Slots IE-v2,https://trk.bestcasinoportal.com/rolling-slots-ie-casino-bonus-review-vlpy-v2,active
676,SEO - RollXO (2) UK-v2,https://trk.bestcasinoportal.com/rollxo-2-uk-casino-bonus-review-wevc-v2,active
675,SEO - Roman Casino UK-v3,https://trk.bestcasinoportal.com/roman-casino-uk-casino-bonus-review-dhi9-v3,active
673,SEO - RomiBet ES-v2,https://trk.bestcasinoportal.com/romibet-es-casino-bonus-review-iv1v-v2,active
672,SEO - RomiBet FR-v2,https://trk.bestcasinoportal.com/romibet-fr-casino-bonus-review-ldj2-v2,active
671,SEO - SagaSpins UK-v2,https://trk.bestcasinoportal.com/sagaspins-uk-casino-bonus-review-d7oq-v2,active
670,SEO - Samba Slots ES-v2,https://trk.bestcasinoportal.com/samba-slots-es-casino-bonus-review-j352-v2,active
669,SEO - Samba Slots FR-v2,https://trk.bestcasinoportal.com/samba-slots-fr-casino-bonus-review-gepx-v2,active
668,SEO - Samba Slots DE CH-v2,https://trk.bestcasinoportal.com/samba-slots-de-ch-casino-bonus-review-0zs9-v2,active
667,SEO - Samba Slots NL CA SE-v2,https://trk.bestcasinoportal.com/samba-slots-nl-ca-se-casino-bonus-review-1i9p-v2,active
666,SEO - SkyHills NL-v2,https://trk.bestcasinoportal.com/skyhills-nl-casino-bonus-review-4gki-v2,active
665,SEO - Slotlair UK-v2,https://trk.bestcasinoportal.com/slotlair-uk-casino-bonus-review-fhu9-v2,active
664,SEO - SpellWin UK-v2,https://trk.bestcasinoportal.com/spellwin-uk-casino-bonus-review-98a1-v2,active
663,SEO - SpellWin DE AT CH CA FI SE NO DK BE IT-v2,https://trk.bestcasinoportal.com/spellwin-de-casino-bonus-review-gs3e-v2,active
662,SEO - SpinCastle UK-v2,https://trk.bestcasinoportal.com/spincastle-uk-casino-bonus-review-kg3s-v2,active
661,SEO - SpinLander UK-v2,https://trk.bestcasinoportal.com/spinlander-uk-casino-bonus-review-4afk-v2,active
660,SEO - SpinMama PL GR SK CH AT PT SI HU CZ FR-v2,https://trk.bestcasinoportal.com/spinmama-pl-casino-bonus-review-annk-v2,active
659,SEO - Spins Deluxe UK-v2,https://trk.bestcasinoportal.com/spins-deluxe-uk-casino-bonus-review-ldar-v2,active
658,SEO - Dragonia IT NO-v2,https://trk.bestcasinoportal.com/dragonia-it-no-casino-bonus-review-ze87-v2,active
657,SEO - Dragonia GR ES-v2,https://trk.bestcasinoportal.com/dragonia-gr-es-casino-bonus-review-80wg-v2,active
656,SEO - 11Croc DE-v2,https://trk.bestcasinoportal.com/11croc-de-casino-bonus-review-ofph-v2,active
655,SEO - 11Croc AT-v2,https://trk.bestcasinoportal.com/11croc-at-casino-bonus-review-uorp-v2,active
654,SEO - Capo Spins PL-v2,https://trk.bestcasinoportal.com/capo-spins-pl-casino-bonus-review-3xno-v2,active
653,SEO - UnlimLuck HB-v2,https://trk.bestcasinoportal.com/unlimluck-hb-casino-bonus-review-k6hz-v2,active
652,SEO - Bet Buffon UK-v2,https://trk.bestcasinoportal.com/bet-buffon-uk-casino-bonus-review-zlha-v2,active
651,SEO - Friday Roll AT CH DE ES AU BE CA DK FR IT PT-v2,https://trk.bestcasinoportal.com/friday-at-casino-bonus-review-ee2t-v2,active
650,SEO - The Red Toucan UK FR DE NL CH AT ES NZ-v2,https://trk.bestcasinoportal.com/the-uk-casino-bonus-review-mo7p-v2,active
649,SEO - Tiki Casino - (English) CA AU NZ IE-v2,https://trk.bestcasinoportal.com/tiki-casino-casino-bonus-review-crd9-v2,active
648,SEO - Treasure Spins UK-v2,https://trk.bestcasinoportal.com/treasure-spins-uk-casino-bonus-review-bnn8-v2,active
647,SEO - Vegas Nova AU-v2,https://trk.bestcasinoportal.com/vegas-nova-au-casino-bonus-review-sxi7-v2,active
646,SEO - Vipzino UK-v3,https://trk.bestcasinoportal.com/vipzino-uk-casino-bonus-review-9gez-v3,active
644,SEO - Wild Robin - ( HQ SM-v2,https://trk.bestcasinoportal.com/wild-robin-casino-bonus-review-vffz-v2,active
643,SEO - Wild Robin CA AU NZ DE AT CH FR ES IT FI NL HU NO BE GC-v2,https://trk.bestcasinoportal.com/wild-ca-casino-bonus-review-054a-v2,active
642,SEO - Wild Robin DE ES-v2,https://trk.bestcasinoportal.com/wild-robin-de-es-casino-bonus-review-v9z1-v2,active
641,SEO - Wild Tokyo SE-v2,https://trk.bestcasinoportal.com/wild-tokyo-se-casino-bonus-review-u6jl-v2,active
640,SEO - Wild Tokyo FI-v2,https://trk.bestcasinoportal.com/wild-tokyo-fi-casino-bonus-review-ys8r-v2,active
639,SEO - Wild Tokyo AU-v2,https://trk.bestcasinoportal.com/wild-tokyo-au-casino-bonus-review-ixgb-v2,active
638,SEO - Wild Tokyo NO-v2,https://trk.bestcasinoportal.com/wild-tokyo-no-casino-bonus-review-u0lz-v2,active
637,SEO - Wild Tokyo IT-v2,https://trk.bestcasinoportal.com/wild-tokyo-it-casino-bonus-review-xpar-v2,active
636,SEO - Willdsino FR ES IT DA-v2,https://trk.bestcasinoportal.com/willdsino-fr-es-it-da-casino-bonus-review-2c99-v2,active
635,SEO - Winshark AU ES-v2,https://trk.bestcasinoportal.com/winshark-au-es-casino-bonus-review-wcmi-v2,active
634,SEO - WonThere UK-v2,https://trk.bestcasinoportal.com/wonthere-uk-casino-bonus-review-8ry2-v2,active
633,SEO - 36 Hight Fly Bet PL PT,https://trk.bestcasinoportal.com/36-hight-fly-bet-pl-pt-casino-bonus-review-uz,active
632,SEO - BigClash Casino [250 C PA DE AT CH ES NO BE IT,https://trk.bestcasinoportal.com/bigclash-casino-de-at-ch-casino-bonus-review-85,active
631,SEO - Magius Casino [200 DE; ES; IT,https://trk.bestcasinoportal.com/magius-casino-de-es-it-casino-bonus-review-xd,active
630,SEO - Malina Casino [325 ES; IT; FR; IE; AU; FI; DE; BE; AT; CZ; NO; PL; HU,https://trk.bestcasinoportal.com/malina-casino-es-it-fr-casino-bonus-review-6m,active
629,SEO - My Empire Casino [300 C PA ES; IT; FR; IE; AU; FI; DE; BE; AT; CZ; NO; PL; HU,https://trk.bestcasinoportal.com/my-empire-casino-es-it-fr-casino-bonus-review-0w,active
628,SEO - Pistolo Casino [230 C PA ES; IT; FR; IE; AU; FI; DE; BE; AT; CZ; NO; PL; HU,https://trk.bestcasinoportal.com/pistolo-casino-es-it-fr-casino-bonus-review-cq,active
627,SEO - Royal Game Global [250 CPA AT; NO; IT; CA; PL; NZ; CH; HU; DE; CZ;AU;IE; SI; SK; LT,https://trk.bestcasinoportal.com/royal-game-global-at-no-it-casino-bonus-review-6j,active
626,SEO - Cazeus Casino GEO [225 PL; FR; ES; IT; DE,https://trk.bestcasinoportal.com/cazeus-casino-geo-pl-fr-es-casino-bonus-review-yr,active
625,SEO - Ultimluck Casino [250 DE CH AT NL PT GR PL ES AU,https://trk.bestcasinoportal.com/ultimluck-casino-de-ch-at-casino-bonus-review-2b,active
624,SEO - WildRobin Casino [225 CPA AT; BE; CH; DE; ES; FR; IT; NL; NO,https://trk.bestcasinoportal.com/wildrobin-casino-at-be-ch-casino-bonus-review-57,active
623,SEO - My Empire Casino [380 C PA ES; IT; FR; IE; AU; FI; DE; BE; AT; CZ; NO; PL; HU,https://trk.bestcasinoportal.com/my-empire-casino-es-it-fr-casino-bonus-review-mw,active
622,SEO - Aerobet UK,https://trk.bestcasinoportal.com/aerobet-uk-casino-bonus-review-x6,active
621,SEO - AllSpins UK,https://trk.bestcasinoportal.com/allspins-uk-casino-bonus-review-7v,active
620,SEO - AllSpins GR,https://trk.bestcasinoportal.com/allspins-gr-casino-bonus-review-os,active
619,SEO - AllSpins IT,https://trk.bestcasinoportal.com/allspins-it-casino-bonus-review-4g,active
618,SEO - AllSpins DE SE BE CH CA IT IE,https://trk.bestcasinoportal.com/allspins-de-se-be-casino-bonus-review-kd,active
617,SEO - BetChain NZ FI AT IE IT DE AU CA,https://trk.bestcasinoportal.com/betchain-nz-fi-at-casino-bonus-review-yo,active
616,SEO - CosmoBet UK,https://trk.bestcasinoportal.com/cosmobet-uk-casino-bonus-review-98,active
615,SEO - DiscoWin UK,https://trk.bestcasinoportal.com/discowin-uk-casino-bonus-review-5p,active
614,SEO - DiscoWin BE FR IT ES UK AU CA NL,https://trk.bestcasinoportal.com/discowin-be-fr-it-casino-bonus-review-v1,active
613,SEO - Extreme Spins UK,https://trk.bestcasinoportal.com/extreme-spins-uk-casino-bonus-review-iv,active
612,SEO - Fast Slots DE; CH,https://trk.bestcasinoportal.com/fast-slots-de-ch-de-ch-casino-bonus-review-mn,active
611,SEO - Fast Slots CA,https://trk.bestcasinoportal.com/fast-slots-nw-ca-casino-bonus-review-xy,active
610,SEO - Fast Slots UK,https://trk.bestcasinoportal.com/fast-slots-uk-casino-bonus-review-od,active
609,SEO - FatPirate NL BE FI ES,https://trk.bestcasinoportal.com/fatpirate-nl-be-fi-casino-bonus-review-mo,active
606,SEO - Festival Play DE; AT; CH; CA; IE; NL; BE,https://trk.bestcasinoportal.com/festival-play-de-at-ch-casino-bonus-review-s3,active
598,SEO - Golden Panda SE NO FR NL CA CH GR,https://trk.bestcasinoportal.com/golden-panda-se-no-fr-casino-bonus-review-1u,active
580,SEO - Malina Casino ES DE GR FR,https://trk.bestcasinoportal.com/malina-casino-es-de-gr-casino-bonus-review-yo,active
576,SEO - N1 Bet Casino DE; AU; CH; AT; IT,https://trk.bestcasinoportal.com/n1-bet-casino-de-au-ch-casino-bonus-review-9b,active
571,SEO - BetOnRed FR IT ES DE AT CH AU,https://trk.bestcasinoportal.com/betonred-fr-it-es-casino-bonus-review-a0,active
565,SEO - Rich Royal DE AT CH ES PT,https://trk.bestcasinoportal.com/rich-royal-de-at-ch-casino-bonus-review-0e,active
560,SEO - Ritzo Casino DE AT CH SE ES IT,https://trk.bestcasinoportal.com/ritzo-casino-de-at-ch-casino-bonus-review-5i,active
539,SEO - Slotit DE; AT; CH; FR; NL; SE 1756635647560,https://trk.bestcasinoportal.com/slotit-de-at-ch-casino-bonus-review-cf,active
537,SEO - Slots Islands UK DE FR IT ES SE 1756635641100,https://trk.bestcasinoportal.com/slots-islands-uk-de-fr-casino-bonus-review-26,active
533,SEO - SpinGranny AT; BE; CA; DE; IT; ES; CH 1756635634197,https://trk.bestcasinoportal.com/spingranny-at-be-ca-casino-bonus-review-vx,active
532,SEO - SpinGranny CZ; GR; HU; PL; PT; SK; SI 1756635629483,https://trk.bestcasinoportal.com/spingranny-cz-gr-hu-casino-bonus-review-8x,active
530,SEO - SpinMama DE AT CH BE ES IT 1756635626082,https://trk.bestcasinoportal.com/spinmama-de-at-ch-casino-bonus-review-3m,active
523,SEO - Capo Spins DE CH FR ES AT IT 1756635611097,https://trk.bestcasinoportal.com/capo-spins-de-ch-fr-casino-bonus-review-zt,active
518,SEO - Friday Roll CZ; GR; HU; PL; SK 1756635599467,https://trk.bestcasinoportal.com/friday-roll-cz-gr-hu-casino-bonus-review-p4,active
514,SEO - Trino DE AT CH CA FI SE NO DK BE IT 1756635589601,https://trk.bestcasinoportal.com/trino-de-at-ch-casino-bonus-review-fo,active
512,SEO - VinciSpin FR IT ES DE AT CH CA 1756635583165,https://trk.bestcasinoportal.com/vincispin-fr-it-es-casino-bonus-review-fn,active
500,SEO - Winit.Bet UK AU CA FR DE AT NZ 1756635556714,https://trk.bestcasinoportal.com/winitbet-uk-au-ca-casino-bonus-review-bl,active
